﻿<?xml version="1.0" encoding="utf-8" ?>
<Defs>
  <RulePackDef>
    <defName>NamerCapraUtility</defName>
    <rulePack>
      <rulesFiles>
        <li>NameCapraMaleFirst->Names/Capra_First_Male</li>
        <li>NameCapraFemaleFirst->Names/Capra_First_Female</li>
        <li>NameCapraUnisexLast->Names/Capra_Last_Unisex</li>
        <li>NameCapraMaleNick->Names/Capra_Nick_Female</li>
        <li>NameCapraFemaleNick->Names/Capra_Nick_Male</li>
        <li>NameCapraUnisexNick->Names/Capra_Nick_Unisex</li>
      </rulesFiles>
    </rulePack>
  </RulePackDef>

  <RulePackDef>
    <defName>NamerCapraMale</defName>
    <include>
      <li>NamerCapraUtility</li>
	  <li>TribalWordUtility</li>
    </include>
    <rulePack>
      <rulesStrings>
        <li>r_name(p=6)->[NameCapraMaleFirst] '[NameCapraMaleNick]' [NameCapraUnisexLast]</li>
        <li>r_name(p=5)->[NameCapraMaleFirst] '[NameCapraUnisexNick]' [NameCapraUnisexLast]</li>
        <li>r_name(p=4)->[NameCapraMaleFirst] '[AnimalBadass]' [NameCapraUnisexLast]</li>
        <li>r_name(p=3)->[NameCapraMaleFirst] '[Color]' [NameCapraUnisexLast]</li>
        <li>r_name(p=2)->[NameCapraMaleFirst] [NameCapraUnisexLast]</li>
        <!-- <li>r_name(p=6)->[NamePersonMale]</li> -->
        <li>r_name->[exoticname]</li>

        <li>exoticname(p=2)->[AdjectiveBadass]</li>
        <li>exoticname(p=2)->[PersonBadass]</li>
        <li>exoticname->[Enemy]</li>
        <li>exoticname->[ConceptAny]</li>
        <li>exoticname->[Color]</li>
      </rulesStrings>
    </rulePack>
  </RulePackDef>

  <RulePackDef>
    <defName>NamerCapraFemale</defName>
     <include>
      <li>NamerCapraUtility</li>
	  <li>TribalWordUtility</li>
    </include>
    <rulePack>
      <rulesStrings>
        <li>r_name(p=6)->[NameCapraFemaleFirst] '[NameCapraFemaleNick]' [NameCapraUnisexLast]</li>
        <li>r_name(p=6)->[NameCapraFemaleFirst] '[NameCapraUnisexNick]' [NameCapraUnisexLast]</li>
        <li>r_name(p=6)->[NameCapraFemaleFirst] '[AnimalBadass]' [NameCapraUnisexLast]</li>
        <li>r_name(p=6)->[NameCapraFemaleFirst] '[Color]' [NameCapraUnisexLast]</li>
        <li>r_name(p=6)->[NameCapraFemaleFirst] [NameCapraUnisexLast]</li>
        <!-- <li>r_name(p=6)->[NamePersonFemale]</li> -->
        <li>r_name->[exoticname]</li>
		
        <li>exoticname(p=2)->[AdjectiveBadass]</li>
        <li>exoticname(p=2)->[PersonBadass]</li>
        <li>exoticname->[Enemy]</li>
        <li>exoticname->[ConceptAny]</li>
        <li>exoticname->[Color]</li>
      </rulesStrings>
    </rulePack>
  </RulePackDef>
</Defs>
