﻿<?xml version="1.0" encoding="utf-8"?>

<Defs>
<ScenarioDef>
	<defName>CapraNewSettlement</defName>
	<label>Capra New Settlement</label>	
		<description>It's the adventures of Capras who have left their hometowns to find new settlements, and the reason they've left their hometowns is slightly different, but it seems the same that they can no longer return home...</description>
		<scenario>
		<summary>It's the adventure of Capras who left to find a new settlement.</summary>
		<playerFaction>
			<def>PlayerFaction</def>
			<factionDef>CapraPlayerColony</factionDef>
		</playerFaction>
		<parts>
			<li Class="ScenPart_ConfigPage_ConfigureStartingPawns">
				<def>ConfigPage_ConfigureStartingPawns</def>
				<pawnCount>4</pawnCount>
			</li>
			<li Class="ScenPart_PlayerPawnsArriveMethod">
				<def>PlayerPawnsArriveMethod</def>
			</li>
			<li Class="ScenPart_StartingThing_Defined">
				<def>StartingThing_Defined</def>
				<thingDef>Silver</thingDef>
				<count>800</count>
			</li>
			<li Class="ScenPart_StartingThing_Defined">
				<def>StartingThing_Defined</def>
				<thingDef>MealSurvivalPack</thingDef>
				<count>44</count>
			</li>
			<li Class="ScenPart_StartingThing_Defined">
				<def>StartingThing_Defined</def>
				<thingDef>MedicineIndustrial</thingDef>
				<count>30</count>
			</li>
			<li Class="ScenPart_StartingThing_Defined">
				<def>StartingThing_Defined</def>
				<thingDef>ComponentIndustrial</thingDef>
				<count>30</count>
			</li>
			<li Class="ScenPart_StartingThing_Defined">
				<def>StartingThing_Defined</def>
				<thingDef>CA_Rifle</thingDef>
			</li>
			<li Class="ScenPart_StartingThing_Defined">
				<def>StartingThing_Defined</def>
				<thingDef>CA_Shotgun</thingDef>
			</li>
			<li Class="ScenPart_StartingThing_Defined">
				<def>StartingThing_Defined</def>
				<thingDef>MeleeWeapon_Knife</thingDef>
				<stuff>Plasteel</stuff>
			</li>
			<li Class="ScenPart_StartingAnimal">
				<def>StartingAnimal</def>
				<count>1</count>
				<bondToRandomPlayerPawnChance>1</bondToRandomPlayerPawnChance>
			</li>
			<li Class="ScenPart_ScatterThingsNearPlayerStart">
				<def>ScatterThingsNearPlayerStart</def>
				<thingDef>Steel</thingDef>
				<count>350</count>
			</li>
			<li Class="ScenPart_ScatterThingsNearPlayerStart">
				<def>ScatterThingsNearPlayerStart</def>
				<thingDef>WoodLog</thingDef>
				<count>300</count>
			</li>
			<li Class="ScenPart_ScatterThingsAnywhere">
				<def>ScatterThingsAnywhere</def>
				<thingDef>ShipChunk</thingDef>
				<count>3</count>
			</li>
			<li Class="ScenPart_ScatterThingsAnywhere">
				<def>ScatterThingsAnywhere</def>
				<thingDef>Steel</thingDef>
				<count>720</count>
			</li>
			<li Class="ScenPart_ScatterThingsAnywhere">
				<def>ScatterThingsAnywhere</def>
				<thingDef>MealSurvivalPack</thingDef>
				<count>7</count>
			</li>
			<li Class="ScenPart_GameStartDialog">
				<def>GameStartDialog</def>
				<text />
				<textKey>GameStartDialog</textKey>
				<closeSound>GameStartSting</closeSound>
			</li>
			<li Class="ScenPart_ScatterThingsNearPlayerStart">
				<def>ScatterThingsNearPlayerStart</def>
				<thingDef>Plasteel</thingDef>
				<count>75</count>
			</li>
			
			<li Class="ScenPart_GameStartDialog">
				<def>GameStartDialog</def>
				<text>It looks like it's about time, I threw my luggage on the ground and caught my breath.</text>
			<closeSound>GameStartSting</closeSound>
			</li>
		</parts>
	</scenario>
</ScenarioDef>
</Defs>